00mbray@gmail.com:Royal101
1-insane.mind-1@wp.pl:Fricai1.
123ripjaw@gmail.com:njcf1979
15nremme@mypanthers.org:Panthers14
1924john.luce@gmail.com:Blits19241924
1tarrat123@gmail.com:1Tucker23!
Aaliyahnieves1@gmail.com:01Nieves
Aaron.dobson16@outlook.com:Greensixlow1
Aarriaga82@gmail.com:Angel0717
Abigail.diaz1998.ad@gmail.com:Ilovejesus351
acelin101@live.com:Nemesis101
Adambally@live.co.uk:Livmay15
Adamserica764@gmail.com:Angel1234
Aeruhl.tor@gmail.com:Sithwrath6
Ainsley.greig@gmail.com:Amierose2
Aj29smyth@gmail.com:ajsmyth99
ajpena0816@gmail.com:Buster816
ajveber@hotmail.com:Hotcorn7
Akconway77@comcast.net:mommy0814
albrwright@hotmail.co.uk:MimMim31
Alex.gutjahr@yahoo.de:smilla22
alexfitzpatrick96@hotmail.com:DntgeYmr96
Alexgillan21@gmail.com:Goldfish1
algreen@buffalo.edu:7Amester.
alonso.velo@hotmail.com:Bibiluca1
alyssadetonnancourt@yahoo.com:joseph22!
Alyssalabenne@gmail.com:roseytoes12
amanda_wyo@yahoo.com:AspenLynn29
amandamazing@live.se:Hundis12
Amandarpearce@hotmail.com:Noah2012
amandastemmler75@aol.com:smile25
aminar_01@Yahoo.com:AshBarnes1
amsolomon09@gmail.com:25Minutes
amused2047@gmail.com:future00
andre.vial9@orange.fr:dp2g4hg
andrea.mantovani@intesasanpaolo.com:qandrea80
andrej.hergert@WEBManoFSadness.de:Voldemord1!
andykinnear@hotmail.co.uk:Andyk216
aneta_b@Live.de:AnetaJudyta86
Angie.mdismuke@gmail.com:andres2013
Anhart04@gmail.com:Celtic151389
anmartinez1984@gmail.com:Nelson1984!
anna.tharani2001@gmail.com:Dogbreath01
anthiyaawsome@gmail.com:nsaa1705
antunez2424alex@gmail.com:raiders23
AntyniahSubryan0601@gmail.com:Valon123
Apturla@g.com:Fsd4lif2012
Apturla@gmail.com:Fsd4lif2012
apuariitevihonu@gmail.com:tevihonu1
archiebrown100@gmail.com:Everton1002
Arilyah@icloud.com:Cherry12
arjunacameron@gmail.com:Arjuna17
Arsuk2@yahoo.com:Skippy102
arthurvaldivieso@yahoo.com:Hockey2002
ashleyfeakes237@gmail.com:belladog123
ashleypenn9610@gmail.com:peyton10
ashlynjames49@gmail.com:Softball49
aurelia.fauss@orange.fr:Auchy126
Austin.Westbrook@faulkner.edu:Eagles03
Austinmyers75@gmail.com:Pizza2580
B.e@cox.net:pw0001
Babscleary@yahoo.co.uk:Liddiard85
babygurl47179@aol.com:Addicted2u
ballplaya609@gmail.com:Boner69
baptiste.lopez29@laposte.net:BAba2001
barcelona0001999@gmail.com:Alanmoreno11
Barpjessica@gmail.com:Jema2010
Barrierlands@gmail.com:Something1
bdluis26@gmail.com:Bl1zz3rd26
bdonohue101@gmail.com:Bohemia1
becca.k24@hotmail.com:Rebecca24
belayyacob2010@icloud.com:Live4Jesus
benikm91@gmail.com:eminem44_
Berger-pch@Web.de:Meningeom2!
Bharris907@gmail.com:Shane907
bhayes283@aol.com:pinkfish1
Biancaebianchi@gmail.com:maxx2017
bibendum@live.com:Chloe321!
bibisokiol@hotmail.com:028classic
billyc0510@gmail.com:chingwang0510
bipinrawat92@gmail.com:Bipin2001
Blakejohnston60@gmail.com:Inncorrect12
bmiranda@nevada.unr.edu:Texalpa.2
Boaiteym@gmail.com:Michaelb13
bobsteid@gmail.com:Katherine1
bodenb0746@my.uwstout.edu:Jkf34043!
Bonnie.rubyblues@gmail.com:Ginger12
braider0109@gmail.com:Redraider0109!
braif465@gmail.com:Redneck55!
bran02@embarqmail.com:bigmac022
brandondelprado@yahoo.com:Tyson315
breightsmith@aol.com:horses123
bretblumberg@icloud.com:Jackwagon5
brittneyboeder@live.com:Bb10491359!
brs9035@med.cornell.edu:Liam1aiden
Bseigie@yahoo.com:uAlbany14
bstauss4@yahoo.com:Slacker1!
btillman252@gmail.com:Btillman1
bubbasblingnmom@yahoo.com:bubbas1
Burga@optonline.net:meister1
byost446@gmail.com:Over9000!
caanquindere@gmail.com:Caan12345
calliecale5@gmail.com:Rogu6753
calogerodaniele@gmx.de:stallion11
Calvin.leavitt@yahoo.com:Verizon22
cambelltaylor@me.com:Pepper11
candiegirl13@gmail.com:candie123
caralloyd635@gmail.com:Spring77!
carisssaa@icloud.com:frogger24@
carly_505@hotmail.com:logan12703
Carmen230304@gmail.com:carmen230304
Carrein18@gmail.com:Baxter18
casecopy@gmail.com:ohqmtl719346
cassierenfro1003@aim.com:Stephenson1202
cbr6gurl@gmail.com:Teggy1995
Cdkab@frontier.com:stewart5
cdrumm234@gmail.com:Koolcammy123
ceciliafg95@aol.com:bga23320
Cgebhard70@gmail.com:bella70
Champ712@yahoo.com:bonner00
Chevelle091801@gmail.com:Alex0118
cheyann_mitchell@Yahoo.com:f89921136
Chio.d@gmx.de:lauf77886
Chizuru.bear93@gmail.com:Athalia14
chris.roberts167@gmaIl.com:greece167
Chrisheenahill@yahoo.com:Christian21
chrissycalkap@hotmail.com:main1234
chrissyevans@comcast.net:Avalon12
christian.hornsby@gmail.com:Plymouth8070
Chstewart2@icloud.com:chante18
Cj02207@gmail.com:Rubidoux29
Claudia_a34@Outlook.com:C24d12cr
clemence.bonnefoy99@gmail.com:Valentine20
clint690@gmail.com:Edobin223
Clovina.mbongo@yahoo.fr:Maeva93600
Codydaniel11@gmail.com:Daniel5150
connorma16@gmail.com:YUANyuan1
coopercourtney17@yahoo.com:Tinkerbell17
Croberts3452@gmail.com:2404915Uiop
crystalstuddard@yahoo.com:austin10tyler
Csanchez73195@hotmail.com:Bellflower1995
cuteatoria@yahoo.com:2004Purple
D.bizain21@gmail.com:darrent27
d.cardwell@live.com:Ladybug66
Damian.herm@gmail.com:Herman2890
Damianomichelle321@yahoo.com:Isabella10
Damonkissoon@gmail.com:Guyana9699
Damscol723@gmail.com:dscoleri723
Danderson3307@gmail.com:gizmo1n2
Danhawkins12755@gmail.com:
Daniel.carave@gmail.com:Roccocas214
Daniel20.martinez08@gmail.com:soccer2008
Danielangeles948@gmail.com:Angeles2008
Danielle.pettiford@gmail.com:Pmss1918!*
Dappadanrosario@gmail.com:tombrady12
Darcipatten@hotmail.com:Tornado07
Dario.nunez15@icloud.com:rocky125
Darius.dooms@outlook.com:Taurus216
darklight_underground@live.com:Beta1204
Davegedo315@gmail.com:Ona12272010
Daverookyard@hotmail.com:Tanya120606
Davianterodriguez@gmail.com:Miketrout#27
Davidcerda345@gmail.com:Cougars2015
Davidyoudell@att.net:yolatango1
Davipestana@yahoo.com:Davi992003
Davontaw180@gmail.com:williams2000
Dawnece.paul@gmail.com:monica202020
dbalkin@bellsouth.net:waterboy3
Dbmincey4@gmail.com:DBmincey04
Dboost7@yahoo.com:wave3366
Ddensonppp@gmail.com:Nurseman6
Ddiboyan@gmail.com:bebe1of3
Deblerman@yahoo.com:Jellybeans2
Deeceneskie@sbcglobal.net:scooter4108
Deezie8737@gmail.com:Anna2350!
Dekiing2@web.de:astra16v
Delosllanosalex@gmail.com:noelia08
Demiquab@gmail.com:Db022689
demmel77@gmail.com:Missy173
Depadua148@gmail.com:Sdd0264320
derolamagazin@outlook.com:673231Abcd
Derrickdavis944@gmail.com:bashaun2000
Desiree.rae25@gmail.com:Yahweh=7
Dgillette@gmail.com:4Liberty!!
Dhatbabikay@gmail.com:babygirl12
disney
Dleonsfamily@yahoo.com:dominic1
dlloyd313@gmail.com:Simone06
dmdduo@aol.com:Stpdmd01
Dnice1966@yahoo.com:jake1988
Dnprew@aol.com:F1shings
dorsett316@aol.com:Yvette98
drakekj@beachbird.net:mozart12
Drakesteiner118@gmail.com:drake12205
Draqonelle@gmail.com:bumpkin3
Dreflo90@gmail.com:Peacegod10
Duane.dj23@gmail.com:nashawn1
Duckstar1@yahoo.com:Foundation19
Dunagupo42@gmail.com:09012003d
dunchiez@hotmail.com:Dunshin3s
durdentylerdt@gmail.com:gopal1234
Dustinmabray16@gmail.com:Potatoes14
Dutch.yea@gmail.com:Godsword1
Dwat2579@gmail.com:thundercats257
Dwm1073@gmail.com:52Blue17
Dylan.f.miller@gmail.com:Razor543
Dylanbagger@gmail.com:Fatbubble1
Dylancubsfan@yahoo.com:Baberuth3
dylPelt99@icloud.com:Mudflap99
E.zimmermann@hotmail.de:Zimmermann1989
Eacsev@yahoo.com:wersdf56
ebento10@gmail.com:Goliath14!
echarles@kpmg.com:Metzcus7!
Edgaranthony.hernandez95@gmail.com:ralphie1995
eduardaanime@gmail.com:h2j2m3j3
edwige.stevenot@orange.fr:edal5483
Egarlick@gmail.com:1Lostsoul!
Egonzalez21.eg@gmail.com:valencia21
Eh9431@gmail.com:xdn345tn
eimalabed1981@gmail.com:susan1981
Elizabetheddings@att.net:Ericboy98!
Elizabethgonzalez240@gmail.com:Chilly07
Elopez07@live.com:Premier07!
Eltorostrengthtrainer@gmail.com:eli42203
Embereniketa@gmail.com:princess1
Emibrath@yahoo.com:emilio77
Emmafbell@gmail.com:Ballislife5
Emyh94@gmail.com:pinkgurl94
engyhany3@yahoo.com:sousmis3
eraca_barnes@Hotmail.com:Jackson2011!
ericka_d31@Yahoo.com:august31
Ericmogge@gmail.com:Svbayer1904
erin.p.pierce@gmail.com:NkTrouble2
Ernesssoto@gmail.com:Sebas0312
Ervinharvey2@gmail.com:lileeezy1
Espinozaraul10@gmail.com:Chinook1503
Esther.colonnese@gmail.com:Nursing11
Ethanmlyon@gmail.com:ethan535
Etlangridge@gmail.com:oscar123
Etoilepure@yahoo.fr:aze7qsd4wxc1
Evamtgarcia@gmail.com:sandiia..12
Evandeanr@yahoo.com:4np234aq
evemaya_@Hotmail.com:Lolabelle20
Evie.richardson@icloud.com:Casper11
exotic267@gmail.com:coco1954
eyla.moore@gmail.com:Necklace6
F-kraski@web.de:eistee2019
Fabi17388sj@gmail.com:preppy22
Fabianhelmer2@gmail.com:Fabian2000
Fabifassbender@gmx.de:schule844
Farongates2@gmail.com:Faron@12
farris.ashley@ymail.com:86far6sar
fbreezy489@gmail.com:inches72
fepelu1931@gmail.com:09mr31pl
fernando.chaguan@gmail.com:Outlook25
fescinapm@hotmail.com:fran2505
Fiedmichael@gmail.com:Ironman1
Fischerkevi@Web.de:Maxi1992
Flicksick2@gmail.com:Excession4
Flynnj47@gmail.com:Fate1980
Fncadrian@gmail.com:sarita1022
Francisco.lafontaine@upr.edu:F446150329
fred.charaoui@gmail.com:fred1512
frednsandra@verizon.net:Iluvromeo1!
Friisklenke@gmail.com:Haribo22
Fsunly@yahoo.com:Aaliyah0514
Fulstanat@gmail.com:gr8Scott
G2games328@gmail.com:Mjc32899
gabebenatar@gmail.com:gabriel123
gail59givens@gmail.com:Homiecat3456
gantiz@hotmail.com:Liverp00l7
Gaube89@gmail.com:startreks89
Georgiarockin623@gmail.com:Johncena623
Gertchera@gmail.com:maddy3407
ghostoffsparta@gmail.com:Melambes16
Giannaenoch4@gmail.com:Giannaie88
Ginagallagher93@outlook.com:PurpleHair18
Gmperez19@gmail.com:Faith2010
Gregorsmith1994@gmail.com:millie100
Gregsimmy98@icloud.com:Sunderland98
Gristconnor00@gmail.com:Connor71
Guidi.diego@gmail.com:Anagrafica89
Guido.maibom@outlook.de:123AAL123
Guillerst22@icloud.com:supertoro123
Hahlenbrant@gmail.com:2001brant
hallngtown@aol.com:Fernung32!
Haloche035@gmail.com:Hyperion235
Hannah.turner8@hotmail.com:hanwaa811
Hannahryan65@outlook.com:Hannah65
Harleyrider4ever1980@yahoo.com:chopper7
hclark206@yahoo.com:Briana26
heatherlkolke@hotmail.com:gabriel7
Hicksa925@gmail.com:Trey2chunk
hothead5@rocketmail.com:pokemon99
Houstonkariem@gmail.com:Peyton18
hunter.schlegel8499@gmail.com:Firebird8499
iancenter12@yahoo.com:1Patriot#12
Ichantrelle93@yahoo.com:6jaimechan97
ijwh001@cox.net:moehawk1
Ilovelax1631@gmail.com:rjiv1631
indiabrown215@yahoo.com:Bunnybo0!
info@body-society.de:senti123
iosifandrei03@gmail.com:claudio03
isabelbrooks06@gmail.com:050680Jrd
Isabellasilvi11@gmail.com:3awesomes
J.knickerbocker8@gmail.com:herbivore8
j_odea@hotmail.co.uk:Nuggets101
jacqui_mackenzie@Live.com.au:Jacqui78
Jamiebengard@gmail.com:lynn8888
Jana.burmester@Web.de:Bounty_2008
jane_renee_99@Hotmail.com:Quacker9
janelle_pike_07@Hotmail.com:Charlotte2009
Jaquiselandthomas@gmail.com:Iloveme23
Jardisvolpe@gmail.com:ajato123
Jasminebourner@gmail.com:Jazzyb1991
jasminepeeples@ymail.com:Weirdo55
Jasminspencer26@gmail.com:Nyerra9825
jbsyncere91@gmail.com:Goodness811
Jeanpierreraya@gmail.com:mariokart7
Jenblack29@yahoo.com:Ajbke02!!
Jennschem@gmail.com:Okla8561
Jeremyg1220@gmail.com:jaiden1220
jevohn09@yahoo.com:Saints10!
jgibby97@aol.com:loulou123
Jjordan6320@comcast.net:J0nathan1
jknorwood2@comcast.net:Jasperdog26
Jmorin1956@gmail.com:allyson95
Joebrown353@yahoo.com:cooley03
Joeloupas@gmail.com:Cassie1711!
Joeruff2012@gmail.com:Superman69
johncatchpole100@gmail.com:Cheddershoes123
jonasbjerhag85@gmail.com:basso570
Jose.fernansez20@gmail.com:Josemartin1
Joseyandaustinm@aol.com:
Joshuamousset@gmail.com:joshua89
Joyce22799@yahoo.com:peewee22
Jporder2@gmail.com:boxster9
julieionej@hotmail.com:hasa9395
juliusjg64@gmail.com:Qwertzu8)
Jz21401@gmail.com:Jarred01
kaicomo26@gmail.com:Youngestchild4
Kamilla.hajimuradova@gmail.com:19kamilla99
Kaneplummer6@gmail.com:Clontarf20
Karlfortney@comcast.net:Aug151987
Katecocks@hotmail.co.uk:Sadie2013
Katiebelle08@gmail.com:kitty122
Kay.burgwin@sky.com:Jacktess1
kayvin74@gmail.com:Kayvina2
Kelois99@gmail.com:bow99man
KelseyVaughn97@yahoo.com:Bubble!0!
Kelvinloja@gmail.com:Orellana25
Keron85@yahoo.com:Darrell1
kerore1@aol.com:limitits1
Keyahrieanderson72@gmail.com:Keyahrie72
keyonnaa0121@gmail.com:Marlene21
kimberleylister@hotmail.co.uk:Thinkagain1985!
kingiceabella@gmail.com:f123581321
Kjkeilman@yahoo.com:bailey1013
klr_cheerleader7@hotmail.com:Poatatoes2!
Kocreene@gmail.com:greygrey117
koenigcarlos@googlemail.com:moppi6868
krista.hanna@me.com:My4kidos
Kstrout99@gmail.com:Copper94
Kuriejb@gmail.com:Barclay33
lady_general21@hotmail.com:jbr91790
Lambert1221@live.com:spyder714
Laurarosierose@yahoo.com:Madison99
laurenbo3@aol.com:braylen4909
Laysha.kiing@gmail.com:Onedirection1!
Lee@stoneywoodmotors.com:Betsy171007
leonardotlohn@gmail.com:martyn007
Lesleyann.0728@gmail.com:Jamie0728
Lhones55@gmail.com:Amelia123
liamibelsanchez@gmail.com:Liamibel01
lilmoomoo65@msn.com:poohbear65
lilysalgado23@gmail.com:Lizeth98!
Lindsaydemartino@yahoo.com:Chris25211
lindsey.fisher@yahoo.com:Skydive11
lionessvbr@aol.com:1Bowser!
Lizahanson4@gmail.com:Avalon01
lorenzocerriwow@gmail.com:zsmgjl78
Lorindannar@gmail.com:Kaitlyn1
Lotte092@gmail.com:Feliix21
loWEBManoFSadnesse@dukes.jmu.edu:Ayden093005!
lplemelle372002@yahoo.com:darian07
Luana.reinsch@gmail.com:Luana2000
lucadefalco72@yahoo.com:cheech72
Lucyjagger@icloud.com:Lucymae123
luisfco.garcia@gmail.com:lf5450ge
Lydic85@gmail.com:Centenn1alawsF2013@me.com:JessOzz2
Macybabovic@hotmail.com:Macy1271
Magdamartin@msn.com:lomeli123
maggie_schnaitman@Yahoo.com:Isabelle1
Mahimahi252@gmail.com:BigGuy252
makenziesanjuan@aol.com:kenzie1
malaguti.mauro@gmail.com:oieu93km
malyssamolina67@gmail.com:malyssarocks1
manuela_schmidt85@Gmx.de:Roeschen100160!
marceldm3@gmail.com:mar14210996
Marcosgodoy@gmail.com:Kb35043504
Margaux.amiot1@gmail.com:Hibou2011
Maricuchi123@gmail.com:Lauraso1
marie.cristol4@orange.fr:Mariecristol11
Marissa0903@icloud.com:Jaeline2003
marques1979@uol.com.br:ucqi64
Martinadeangelis0@gmail.com:Martinada6
martinahenen@gmail.com:Mh5853194
masterchiefmh@gmx.de:teufel666
Matthew.f.chadwell@gmail.com:baseball26
Matthewvh321@gmail.com:HamToast123
Matthias.neutsch@gmx.de:Mn02144780
Mattwright211@gmail.com:20posada
Maynarddalton14@yahoo.com:Lilbro14
mbdearing@twc.com:Daffy011
mcbronydiamond@gmail.com:Hellomario1
Mciola1546@gmail.com:admin1546
Mdelvally@gmail.com:1597995m
Meffjes@gmail.com:Trollz12!
Meginf2010@gmail.com:159-64hrd
MelanieNicole95@hotmail.com:Mel311Bel
Melissago2001@hotmail.com:kmr072
metal2121@live.com:Walk2112er
mfkinney@gmail.com:ekim14
Mheddleston@yahoo.com:Roman0707
michael.sterling4@icloud.com:Tate2816
michellereubanks@yahoo.com:Davisgrad2014
Mikegre@gmail.com:syracus1
Mikeller1@comcast.net:mk2526
mjade.daniels@gmail.com:zaira8187
Mkoella@koellamoore.com:jackson1184
Mmswitzer@sbcglobal.net:batigol09
mncolyer@gmail.com:Alex1999
momcilo.blagojevic592@gmail.com:Momas007
mperalez20@gmail.com:Minico20
Mperk5199@gmail.com:jaymison8
mppfla@hotmail.com:bungee34
mratomicman17@gmail.com:Matthew101
Muradbaig100@gmail.com:Johnny1223
murarikdylan@yahoo.com:Dylanm99
N.Buenning@gmx.de:Apfelschorle1
nahassap12@gmail.com:Nana1122
Namuwp@gmail.com:pokemony321
Nate.w961@gmail.com:bmth106961
Nbafessant@live.com:Nrfdog394
ndulan@comcast.net:hockey60
nhub16@gmail.com:Mojo2011
niacovelli@yahoo.ca:Luca1129
Nicgraham1@bigpond.com:ryan1609
nicholevanbuskirk@u.boisestate.edu:sugarlipz2
Nicktc09@gmail.com:Stairway09!
Nicolamcm@hotmail.co.uk:String22
nikki_k21@Yahoo.com:Lynn9313
ninadee97@gmail.com:Darin1997!
nmoyer840@gmail.com:Tw1nkletoes
nssrx23@aol.com:Aryan6896
Oelat.athamna13@gmail.com:Seahawksman13
olabis1996@yahoo.com:Rayray1996
omer.fatih.ozer@gmail.com:Nicetrybro21!
Omgitsabby@yahoo.com:Abby2oo7
ornella.mouadi@laposte.net:Amyne2013
Ortizjessica337@gmail.com:America11
p.langenmaier@gmx.de:Red_Baron2
pancakesinuse@gmail.com:Brad2002*
pat.mislan@gmail.com:149union
patti8473@hotmail.com:jp715day
paul.ambrose.123@googlemail.com:michelle1234
Paul.beachssg@yahoo.com:Soccer1439
Paula.wainright@yahoo.com:Camel1045
pedro.facundes11@gmail.com:pedro2121
Per.hoefler@gmx.de:pernele1
peytondolphins98@gmail.com:Miamidolphins9
Pierre.dsgln@outlook.fr:Piier2203
Pinkdoll2112@gmail.com:Chiefs4life
potatoshin@hotmail.com:real2slow
Puttonen88@gmail.com:dj2vsa4h
raliivantcheva@gmail.com:Ralitsa5
ralphlouiscastro@yahoo.com.ph:Raprap20
Ravenstevens55@gmail.com:nilajah08
ray.manembu@yahoo.com:lakers82
rbuurman@gmail.com:bsqh1984
Rcp023@bucknell.edu:weak0card
rdbin99@yahoo.com:Maketacos4ever
rebecca_bigford@Yahoo.com:Allicat1
rebeccajanehenderson1@gmail.com:Rebecca99
Reccie.baby@gmail.com:makayla1
redlollie@verizon.net:jcklove1217
reneaiden.jess@gmail.com:luvGod1st
Richs5122@aol.com:lilymax1
rick@rick711.com:rick8820
riyannajisha@yahoo.com:October22
Rj9021@yahoo.com:Master9021
robi92@wanadoo.fr:pauleta130964
Robin.parry30@gmail.com:SMW1706rp
role2003@me.com:kennwort1.
romain.pfennig@gmail.com:Romain21079557
Rosenjshore@comcast.net:1Familytime
roy_broeren@Hotmail.com:Player75
Rpearce@verizon.net:rubyred23
Rshort18@twc.com:Tierney17
ruemler.jacob@yahoo.com:Larrybird33
russell.gotshall@gmail.com:edward6184
rvrs_tylr@yahoo.com:pink1992
ryleydahtler2002@gmail.com:Ryley2002
Sabrinastone@ymail.com:skinny67
Salcedo.jonathan@hotmail.com:Alan1219
Sammetcalf@hotmail.com:Butterfly12
Samsamsamuel3@gmail.com:25683472l
samscott4@live.co.uk:Spammy14
samzora007@gmail.com:Emptyroad1!
Saronastirling@hotmail.com:TeWhare22
Saulito12215@gmail.com:Jamesharden13
Sbennett2022va@gmail.com:Backyard916
Scott.rawlings1996@hotmail.com:Barcelona72
Sdchronix@gmail.com:amc41090
seth_anderson3@Hotmail.com:Lebron23
shellsalvarez@gmail.com:Winston86.
simonbourger@orange.fr:artemise54
simondeanjensen@gmail.com:deam54321
simonwhigham@hotmail.com:Hiroshima87
Skyhighitalian@aol.com:Francesco007
slsegrave12@gmail.com:hunter0916
soccerjake15@gmail.com:hotshot10
Sofia-bouayad@hotmail.fr:Blue3299*
Sofix3@Web.de:Sofia123
ssuris@ito-zarate.com.ar:imlz2608
Stefanikkx@gmail.com:Napoli1926
stefany.gray@yahoo.com:Stefany09!
steffen.schramm1@freenet.de:Brille23
stevendinowindfeld@gmail.com:oZgyxRG1i
stimans14@hotmail.com:orange20
stiven.stilex@gmail.com:vegetass2M
suekas33@hotmail.com:123qweAS
sum1new83@gmail.com:Az031904
Susan@creatingperfume.com:1965Joli
Susanchandler@verizon.net:Haley1Chelsey2
swapnil30.inamdar@gmail.com:Dhruval12
Tabithabarbee@gmail.com:newlife11
tadeus_brakko@Hotmail.it:angusbrakko84
tahjemail@gmail.com:Login2009
Tanyaonat@icloud.com:Tanntann1..
taylorgibson@sky.com:Allington1
Tdinuno@comcast.net:sport1639
teddy.celano02@gmail.com:Francesco10
Teresajdillard@gmail.com:March312007
teslafanatic@gmail.com:tesla2001
tf141silverops@gmail.com:1q2w3e4r5t6y
themonthapril@yahoo.com:Animals2!
Theriots@comcast.net:Yetiboy1
Thesquishyy814@yahoo.com:Princess1
thomaskimbler@gmail.com:alt0248
timmycrazy9427@icloud.com:Football27
tjhoekel22@gmail.com:Dime2015!
tjohnson2855@gmail.com:Jade2855
Tlewis2285@gmail.com:Tanisha1045
Tobi691@Web.de:Oktolowori!
tobiascortez12@gmail.com:Bettas40
Tommy@tommychambersinteriors.com:citrus0864
tommyjunhao@gmail.com:Asdf970721
tony63young.ty@gmail.com:Bricklayer2
traciepiazza@yahoo.com:jjgirls02
trangertor@hotmail.com:RippeR12345
trharris@student.ysu.edu:Snoopy814
trishbortot@gmail.com:Bortot17!
truyenque1988@gmail.com:Lalakers08
tsimper@att.net:ks5786
TsoWorker1@Web.de:TsoWorker1
tylercarbajal11@gmail.com:Black345
tylercombs29@gmail.com:Dalejr88
umesh.xbhp@gmail.com:rajneesh1990
uptonjenessa@gmail.com:IggyBitch1
vabney77@gmail.com:Wildcats77
vdejesus_04@yahoo.com:Aryahromero9810
Vgabi144@gmail.com:B#tterfly144
vickiabid@yahoo.com:PoPPins4
victordahl@hotmail.com:123321vic
victoria.cassar0407@icloud.com:Vcbabyg01
vidathomann@yahoo.com:keren12345
vieirah096@gmail.com:Neno0204
vincedavis2003@gmail.com:bashos44
vincentmckinney53@gmail.com:monkeyman04
viningleann@yahoo.com:ohiost81
violaine_harris@hotmail.com:idaho111
violetscorp70@yahoo.com:Injust01
vkanakia1@gmail.com:Mjordan23
vlazo91@gmail.com:martin27
vnam1999tran@yahoo.com:Thefurry1
von_amari@hotmail.com:jmkr041980
vsavatgy@gmail.com:vicki1983
vshadle1980@gmail.com:Dolphin96
vsilvasmith@yahoo.com:Bremen00!
vtbrandy@gmail.com:Disney85
vvancooten@gmail.com:Vern2718
vyk226@aol.com:booger01
w0328j@yahoo.com:Shazam31?
w3hag3@gmail.com:hvorfor1
wacko5150@msn.com:oct231955
wademcqueen@yahoo.com:car62040
wafa_abusalim@yahoo.com:afwaheb1
Wahrlahk72x@yahoo.com:sandon6472
wakj07@gmail.com:sapphire07
walsh0866@gmail.com:marley1216
walshfam7@gmail.com:doggies1
walter.watkins3@gmail.com:boxing24
walterwhoward@gmail.com:BlueHose1
wamom03@gmail.com:armybrat87
wandering8527@gmail.com:Juggalo85
wardseanclaire@gmail.com:uhas2eyes
warr444@gmail.com:Sarah444!
warren_balouka@hotmail.com:Warren1312
waykis1@gmail.com:W86k7312@
wayne.rogers81@yahoo.com:Danger81
wbiggio@aol.com:steelers1
wdbobcats54@gmail.com:Coolben1000!
wdiblasi@gmail.com:Blast0ff
wdmarkenson@presto55.com:Misstmar1
weathome@sbcglobal.net:the2boys
WEBManoFSadnessbjt12@gmail.com:12301988h
WEBManoFSadnessby.123@live.co.uk:Barney123
WEBManoFSadnesserf14@gmail.com:piper1216
weewoo7@yahoo.com:weewoo420
weh6@aol.com:Niko3202
wellsy2317@gmail.com:Baller23
wemeriw@gmail.com:12Katchoo
wendy@woocla.com:Bruins01
wesdyson@gmail.com:mayflower21
weslievans@me.com:alamo10
westonneely@gmail.com:weston95
westra4@gmail.com:Nadak123
wheatleyl1123@gmail.com:Ecwjdl721
whicker02@yahoo.com:Illinois1!
whitewolf_2000@hotmail.com:ignatious0
whitfieldtrio@gmail.com:ctmw1234
whitlawton@gmail.com:picone10
whitneybalagia@hotmail.com:iluvyou1
william.xeni@gmail.com:Dillon124
Wlamanley@gmail.com:5517Manley
Wray.smith2404@gmail.com:amanda2404
Xqveenx11@gmail.com:dayana1124
Yume8958@gmail.com:Lulu0420
zackty93@gmail.com:woodpony7
Zandaleeh23@gmail.com:Handley26

